INSERT INTO sektor (id,nazev,geometrie) VALUES (0,'Sídliště Boženy Němcové',SDO_GEOMETRY('POLYGON ((2.0 2.0, 302.0 2.0, 302.0 261.0, 2.0 261.0, 2.0 2.0))'));
INSERT INTO sektor (id,nazev,geometrie) VALUES (1,'Rekreační sektor',SDO_GEOMETRY('POLYGON ((2.0 261.0, 302.0 261.0, 302.0 520.0, 2.0 520.0, 2.0 261.0))'));
INSERT INTO sektor (id,nazev,geometrie) VALUES (2,'Sídliště Ostružinová',SDO_GEOMETRY('POLYGON ((302.0 2.0, 602.0 2.0, 602.0 261.0, 302.0 261.0, 302.0 2.0))'));
INSERT INTO sektor (id,nazev,geometrie) VALUES (3,'Sídliště Lesná',SDO_GEOMETRY('POLYGON ((302.0 261.0, 602.0 261.0, 602.0 520.0, 302.0 520.0, 302.0 261.0))'));




INSERT INTO OBJEKTY (ID,NAZEV,TYP,EDITABLE,POPIS,SEKTOR,GEOMETRIE,EXISTENCEOD,EXISTENCEDO,REKONSTRUKCE) VALUES (0,'Bytový dům 1','Dům','1','Bytovka',0,SDO_GEOMETRY('POLYGON ((5.0 7.0, 298.0 7.0, 298.0 117.0, 5.0 117.0, 5.0 7.0))'),TIMESTAMP '1950-11-03 00:00:00.000000',NULL,NULL);
INSERT INTO OBJEKTY (ID,NAZEV,TYP,EDITABLE,POPIS,SEKTOR,GEOMETRIE,EXISTENCEOD,EXISTENCEDO,REKONSTRUKCE) VALUES (3,'Bytový dům 2','Dům','1','Bytovka',0,SDO_GEOMETRY('POLYGON ((5.0 143.0, 298.0 143.0, 298.0 256.0, 5.0 256.0, 5.0 143.0))'),TIMESTAMP '1950-11-03 00:00:00.000000',NULL,NULL);
INSERT INTO OBJEKTY (ID,NAZEV,TYP,EDITABLE,POPIS,SEKTOR,GEOMETRIE,EXISTENCEOD,EXISTENCEDO,REKONSTRUKCE) VALUES (4,'Bytový dům 3','Dům','1','Rekonstruovaná bytovka',0,SDO_GEOMETRY('POLYGON ((308.0 6.0, 594.0 6.0, 594.0 117.0, 308.0 117.0, 308.0 6.0))'),TIMESTAMP '1950-11-03 00:00:00.000000',NULL,TIMESTAMP '1980-08-05 00:00:00.000000');
INSERT INTO OBJEKTY (ID,NAZEV,TYP,EDITABLE,POPIS,SEKTOR,GEOMETRIE,EXISTENCEOD,EXISTENCEDO,REKONSTRUKCE) VALUES (5,'Restaurace','Dům','1','Restaurační zařízení',0,SDO_GEOMETRY('POLYGON ((306.0 145.0, 306.0 254.0, 533.0 254.0, 306.0 145.0))'),TIMESTAMP '1980-08-02 00:00:00.000000',NULL,NULL);
INSERT INTO OBJEKTY (ID,NAZEV,TYP,EDITABLE,POPIS,SEKTOR,GEOMETRIE,EXISTENCEOD,EXISTENCEDO,REKONSTRUKCE) VALUES (6,'Středisko volného času','Dům','1','Centrum volnočasových aktivit',0,SDO_GEOMETRY('POLYGON ((358.0 142.0, 593.0 142.0, 593.0 242.0, 358.0 142.0))'),TIMESTAMP '1976-03-07 00:00:00.000000',NULL,NULL);
INSERT INTO OBJEKTY (ID,NAZEV,TYP,EDITABLE,POPIS,SEKTOR,GEOMETRIE,EXISTENCEOD,EXISTENCEDO,REKONSTRUKCE) VALUES (7,'Obchodní dům A','Dům','1','Křídlo A obchodního domu',0,SDO_GEOMETRY('POLYGON ((308.0 267.0, 532.0 267.0, 469.0 358.0, 372.0 358.0, 309.0 268.0, 308.0 267.0))'),TIMESTAMP '1990-11-06 00:00:00.000000',NULL,NULL);
INSERT INTO OBJEKTY (ID,NAZEV,TYP,EDITABLE,POPIS,SEKTOR,GEOMETRIE,EXISTENCEOD,EXISTENCEDO,REKONSTRUKCE) VALUES (8,'Obchodní dům B','Dům','1','Křídlo B obchodního domu',0,SDO_GEOMETRY('POLYGON ((586.0 271.0, 516.0 374.0, 516.0 448.0, 587.0 513.0, 586.0 271.0))'),TIMESTAMP '1991-10-03 00:00:00.000000',NULL,NULL);
INSERT INTO OBJEKTY (ID,NAZEV,TYP,EDITABLE,POPIS,SEKTOR,GEOMETRIE,EXISTENCEOD,EXISTENCEDO,REKONSTRUKCE) VALUES (9,'Fontána','Rekreační plocha','1','Dekorace s vodotryskem',0,SDO_GEOMETRY(2003,NULL,NULL,    MDSYS.SDO_ELEM_INFO_ARRAY(1,1003,4), MDSYS.SDO_ORDINATE_ARRAY(426,510, 354, 438, 426, 366)),TIMESTAMP '1991-11-03 00:00:00.000000',NULL,NULL);
INSERT INTO OBJEKTY (ID,NAZEV,TYP,EDITABLE,POPIS,SEKTOR,GEOMETRIE,EXISTENCEOD,EXISTENCEDO,REKONSTRUKCE) VALUES (10,'Silnice','Silnice','1','Silnice z/do centra města',0,SDO_GEOMETRY('POLYGON ((6.0 267.0, 297.0 267.0, 297.0 514.0, 5.0 514.0, 5.0 496.0, 275.0 496.0, 275.0 285.0, 7.0 285.0, 6.0 270.0, 6.0 267.0))'),TIMESTAMP '1950-11-03 00:00:00.000000',NULL,NULL);
INSERT INTO OBJEKTY (ID,NAZEV,TYP,EDITABLE,POPIS,SEKTOR,GEOMETRIE,EXISTENCEOD,EXISTENCEDO,REKONSTRUKCE) VALUES (11,'Zastávka Sportovní','Autobusová zastávka','1','Zastávka autobusu',0,SDO_GEOMETRY('POLYGON ((231.0 291.0, 269.0 291.0, 269.0 324.0, 231.0 324.0, 231.0 291.0))'),TIMESTAMP '1950-11-03 00:00:00.000000',NULL,NULL);
INSERT INTO OBJEKTY (ID,NAZEV,TYP,EDITABLE,POPIS,SEKTOR,GEOMETRIE,EXISTENCEOD,EXISTENCEDO,REKONSTRUKCE) VALUES (12,'Hřiště','Rekreační plocha','1','Multifunkční hřiště',0,SDO_GEOMETRY('POLYGON ((6.0 336.0, 269.0 336.0, 269.0 489.0, 6.0 489.0, 6.0 336.0))'),TIMESTAMP '1965-11-08 00:00:00.000000',NULL,NULL);
INSERT INTO OBJEKTY (ID,NAZEV,TYP,EDITABLE,POPIS,SEKTOR,GEOMETRIE,EXISTENCEOD,EXISTENCEDO,REKONSTRUKCE) VALUES (13,'Běžecká dráha','Rekreační plocha','1','Dráha pro krátké běhy',0,SDO_GEOMETRY('LINESTRING (225.0 294.0, 225.0 321.0, 6.0 321.0, 6.0 294.0, 225.0 294.0, 225.0 300.0)'),TIMESTAMP '1950-11-03 00:00:00.000000',NULL,NULL);



INSERT INTO MAJITELE (ID_MAJITELE,JMENO,ADRESA) VALUES (1,'Jiří Dostál','Brno');
INSERT INTO MAJITELE (ID_MAJITELE,JMENO,ADRESA) VALUES (2,'David Fojtík','Brno');
INSERT INTO MAJITELE (ID_MAJITELE,JMENO,ADRESA) VALUES (3,'Jan Vybíral','Brno');
INSERT INTO MAJITELE (ID_MAJITELE,JMENO,ADRESA) VALUES (4,'Marie Nejezchlebová','Praha');



INSERT INTO MAJITELE_OBJEKTY (IDOBJEKTU,IDMAJITELE,MAJITELOD,MAJITELDO) VALUES (3,3,TIMESTAMP '1980-03-16 00:00:00.000000',NULL);
INSERT INTO MAJITELE_OBJEKTY (IDOBJEKTU,IDMAJITELE,MAJITELOD,MAJITELDO) VALUES (4,4,TIMESTAMP '1960-08-05 00:00:00.000000',NULL);
INSERT INTO MAJITELE_OBJEKTY (IDOBJEKTU,IDMAJITELE,MAJITELOD,MAJITELDO) VALUES (7,3,TIMESTAMP '1990-11-06 00:00:00.000000',NULL);
INSERT INTO MAJITELE_OBJEKTY (IDOBJEKTU,IDMAJITELE,MAJITELOD,MAJITELDO) VALUES (6,4,TIMESTAMP '1990-09-21 00:00:00.000000',NULL);
INSERT INTO MAJITELE_OBJEKTY (IDOBJEKTU,IDMAJITELE,MAJITELOD,MAJITELDO) VALUES (0,1,TIMESTAMP '1952-05-01 00:00:00.000000',NULL);
INSERT INTO MAJITELE_OBJEKTY (IDOBJEKTU,IDMAJITELE,MAJITELOD,MAJITELDO) VALUES (8,4,TIMESTAMP '1991-10-03 00:00:00.000000',TIMESTAMP '1995-08-05 00:00:00.000000');
INSERT INTO MAJITELE_OBJEKTY (IDOBJEKTU,IDMAJITELE,MAJITELOD,MAJITELDO) VALUES (3,2,TIMESTAMP '1950-11-03 00:00:00.000000',TIMESTAMP '1980-03-15 00:00:00.000000');
INSERT INTO MAJITELE_OBJEKTY (IDOBJEKTU,IDMAJITELE,MAJITELOD,MAJITELDO) VALUES (8,2,TIMESTAMP '1995-08-05 00:00:00.000000',TIMESTAMP '1997-12-18 00:00:00.000000');
INSERT INTO MAJITELE_OBJEKTY (IDOBJEKTU,IDMAJITELE,MAJITELOD,MAJITELDO) VALUES (5,2,TIMESTAMP '1990-09-01 00:00:00.000000',TIMESTAMP '1991-05-04 00:00:00.000000');
INSERT INTO MAJITELE_OBJEKTY (IDOBJEKTU,IDMAJITELE,MAJITELOD,MAJITELDO) VALUES (5,1,TIMESTAMP '1991-05-04 00:00:00.000000',NULL);
INSERT INTO MAJITELE_OBJEKTY (IDOBJEKTU,IDMAJITELE,MAJITELOD,MAJITELDO) VALUES (8,1,TIMESTAMP '1997-12-18 00:00:00.000000',NULL);
